{"empty_test":{"result":true,"error":false},"test1":{"result":{"position_rms":{"x":0.00827414476646698,"y":0.011233357586314151,"z":0.0070433285443493917,"norm":0.0156287642269663},"orientation_rms":{"qw":0.00051364436595718345,"qx":0.004672843799233101,"qy":0.0033947842273777153,"qz":0.0033419304823249537,"norm":0.0066927093920067984},"iteration_time_ms":0.48927546296296293},"error":false},"test2":{"result":{"position_rms":{"x":0.0094085049188383629,"y":0.014702037724429724,"z":0.0092294416901050457,"norm":0.019744682118722739},"orientation_rms":{"qw":0.00059345090434567889,"qx":0.0039268658776395043,"qy":0.0062556946025264324,"qz":0.0022943791067686621,"norm":0.0077569549465297963},"iteration_time_ms":0.58429222520107238},"error":false},"test3":{"result":{"position_rms":{"x":0.0093994425975954411,"y":0.01338952894532537,"z":0.0069025762662756037,"norm":0.0177559726749888},"orientation_rms":{"qw":0.0007061011224686189,"qx":0.004702564821143989,"qy":0.0037782973563332549,"qz":0.0033824861314986016,"norm":0.0069519377179940037},"iteration_time_ms":0.336260348583878},"error":false},"test4":{"result":{"position_rms":{"x":0.015801156530384983,"y":0.0098500988207066032,"z":0.0065506674370075044,"norm":0.019738597679310556},"orientation_rms":{"qw":0.0018014810418603823,"qx":0.0057463927397804976,"qy":0.0054943648303645313,"qz":0.0035382711329224326,"norm":0.00888671879622638},"iteration_time_ms":0.38768503937007875},"error":false},"test5":{"result":{"position_rms":{"x":0.013395853829402185,"y":0.010862604051019582,"z":0.0067017610991051422,"norm":0.01850293675115967},"orientation_rms":{"qw":0.00011793965527379488,"qx":0.0038968520735702793,"qy":0.0043332203848031351,"qz":0.0013321349270271634,"norm":0.005979192939908712},"iteration_time_ms":0.24657879146919434},"error":false},"test6":{"result":{"position_rms":{"x":0.010307977429742272,"y":0.0083872641214283415,"z":0.0060143003269945358,"norm":0.014586720212507053},"orientation_rms":{"qw":0.00013235038837730465,"qx":0.0040263272731711989,"qy":0.0042853759766259191,"qz":0.0010475421292371135,"norm":0.0059741626785311946},"iteration_time_ms":0.26002753036437243},"error":false},"test7":{"result":{"position_rms":{"x":0.012892478755889924,"y":0.0073632411728484712,"z":0.006605996280427265,"norm":0.016250308178543039},"orientation_rms":{"qw":0.00018129371038130973,"qx":0.0029991912146680529,"qy":0.0046769924902363936,"qz":0.0010914521018175931,"norm":0.0056651162208603912},"iteration_time_ms":0.25326172671651936},"error":false}}